{
    "pre": {
        "DS": 40.416666666666664,
        "DG_onlyQ": 56.166666666666664,
        "DG_otherA": 24.20833333333333,
        "DG_otherQ": 42.00000000000001,
        "DG_otherAQ": 28.583333333333343,
        "fluency": 6.070095387454529
    },
    "post": {
        "DS": 100.0,
        "DG_onlyQ": 99.91666666666667,
        "DG_otherA": 99.66666666666667,
        "DG_otherQ": 99.83333333333333,
        "DG_otherAQ": 99.58333333333333,
        "fluency": 4.324813558038985
    }
}