{
    "pre": {
        "DS": 47.583333333333336,
        "DG_onlyQ": 59.333333333333336,
        "DG_otherA": 28.5,
        "DG_otherQ": 46.291666666666664,
        "DG_otherAQ": 26.75,
        "fluency": 6.053486500891814
    },
    "post": {
        "DS": 100.0,
        "DG_onlyQ": 99.83333333333333,
        "DG_otherA": 99.91666666666667,
        "DG_otherQ": 99.83333333333333,
        "DG_otherAQ": 99.58333333333333,
        "fluency": 4.354072079008441
    }
}