{
    "pre": {
        "DS": 46.25,
        "DG_onlyQ": 59.25,
        "DG_otherA": 28.25,
        "DG_otherQ": 45.12500000000001,
        "DG_otherAQ": 30.291666666666657,
        "fluency": 6.028206243236378
    },
    "post": {
        "DS": 100.0,
        "DG_onlyQ": 99.91666666666667,
        "DG_otherA": 99.83333333333333,
        "DG_otherQ": 99.75,
        "DG_otherAQ": 99.58333333333333,
        "fluency": 4.363994925632898
    }
}