{
    "pre": {
        "DS": 44.54166666666667,
        "DG_onlyQ": 58.58333333333333,
        "DG_otherA": 29.083333333333343,
        "DG_otherQ": 44.58333333333333,
        "DG_otherAQ": 28.583333333333343,
        "fluency": 6.078390916939382
    },
    "post": {
        "DS": 100.0,
        "DG_onlyQ": 99.83333333333333,
        "DG_otherA": 99.91666666666667,
        "DG_otherQ": 99.83333333333333,
        "DG_otherAQ": 99.83333333333333,
        "fluency": 4.31062816384644
    }
}