{
    "pre": {
        "DS": 44.875,
        "DG_onlyQ": 59.75,
        "DG_otherA": 27.79166666666667,
        "DG_otherQ": 47.375,
        "DG_otherAQ": 28.125,
        "fluency": 6.028728632984468
    },
    "post": {
        "DS": 99.91666666666667,
        "DG_onlyQ": 100.0,
        "DG_otherA": 99.83333333333333,
        "DG_otherQ": 99.83333333333333,
        "DG_otherAQ": 99.83333333333333,
        "fluency": 4.364222346219619
    }
}