{
    "pre": {
        "DS": 43.08333333333333,
        "DG_onlyQ": 57.33333333333333,
        "DG_otherA": 28.083333333333343,
        "DG_otherQ": 46.75,
        "DG_otherAQ": 30.208333333333343,
        "fluency": 6.081227797041547
    },
    "post": {
        "DS": 100.0,
        "DG_onlyQ": 99.91666666666667,
        "DG_otherA": 99.75,
        "DG_otherQ": 100.0,
        "DG_otherAQ": 99.58333333333333,
        "fluency": 4.370651757592239
    }
}