{
    "pre": {
        "DS": 44.75,
        "DG_onlyQ": 58.0,
        "DG_otherA": 27.583333333333343,
        "DG_otherQ": 45.166666666666664,
        "DG_otherAQ": 29.208333333333343,
        "fluency": 6.041130937697659
    },
    "post": {
        "DS": 100.0,
        "DG_onlyQ": 99.91666666666667,
        "DG_otherA": 99.83333333333333,
        "DG_otherQ": 99.66666666666667,
        "DG_otherAQ": 99.75,
        "fluency": 4.339172464918293
    }
}