{
    "pre": {
        "DS": 45.49999999999999,
        "DG_onlyQ": 57.5,
        "DG_otherA": 27.375,
        "DG_otherQ": 45.166666666666664,
        "DG_otherAQ": 29.29166666666667,
        "fluency": 6.015153407860872
    },
    "post": {
        "DS": 100.0,
        "DG_onlyQ": 100.0,
        "DG_otherA": 99.83333333333333,
        "DG_otherQ": 99.91666666666667,
        "DG_otherAQ": 99.91666666666667,
        "fluency": 4.363544493704118
    }
}