{
    "pre": {
        "DS": 45.58333333333333,
        "DG_onlyQ": 57.166666666666664,
        "DG_otherA": 28.25,
        "DG_otherQ": 46.166666666666664,
        "DG_otherAQ": 29.083333333333343,
        "fluency": 6.065010450372402
    },
    "post": {
        "DS": 100.0,
        "DG_onlyQ": 97.83333333333333,
        "DG_otherA": 95.75,
        "DG_otherQ": 99.75,
        "DG_otherAQ": 92.83333333333333,
        "fluency": 4.722274520122611
    }
}